<?xml version="1.0" encoding="iso-8859-1"?>
<root>
	<windowclass name="charsheet_main" merge="join">
		<script file="campaign/scripts/char_main.lua" />
		<sheetdata>
			<stringu name="background" merge="replace">
				<script>
					function onInit()
						setVisible(false);
						window.backgroundlink.setVisible(false);
					end
				</script>
				<anchored to="race" position="right" relation="relative" offset="30,0" width="80" />
			</stringu>

			<chooser_label name="background_choose" merge="replace">
				<script>
					function onInit()
						super.onInit();
						setVisible(false);
					end
				</script>
				<record>background</record>
				<class>background</class>
				<path>masterindex</path>
				<anchored to="background" position="insidetopleft" />
			</chooser_label>

			<label_titlechar_visible name="title_class_level" merge="add">
				<anchored to="classlevel">
					<top parent="classracekittitle" />
					<left anchor="center" parent="classlevel" offset="-80" />
					<right parent="classlevel" />
				</anchored>
				<static textres="char_label_classlevel" />
			</label_titlechar_visible>

			<label_titlechar_visible name="title_race" merge="add">
				<anchored to="race">
					<top parent="classracekittitle" />
					<left anchor="center" parent="race" offset="-80" />
					<right parent="race" />
				</anchored>
				<static textres="char_label_race" />
			</label_titlechar_visible>

			<!-- TODO: make sure these work according to OSRIC RAW -->
			<string_abilityfield name="strength_opendoors" source="abilities.strength.opendoors" merge="replace">
				<script>
					function onDoubleClick(x,y)
						action(nil);
					end  

					function action(draginfo)
						local nodeChar = getDatabaseNode().getChild("....");
						local sOpenDoor = getValue();
						local sOpenDoorDC = sOpenDoor:match("^%d+");
						local sOpenMagicDoorDC = sOpenDoor:match("^%d+%((%d+)%)");
						local rActor = ActorManager.resolveActor(nodeChar);
						
						local nTargetDC = tonumber(sOpenDoorDC) or 0;
						local nTargetMagicDC = tonumber(sOpenMagicDoorDC) or 0;

						if nTargetMagicDC > 0 then
							ActionCheckManagerOsric.performRoll(draginfo, rActor, "Open Magic Door", nTargetMagicDC);
						end

						ActionCheckManagerOsric.performRoll(draginfo, rActor, "Open Door", nTargetDC);
						
						return true;
					end

					function onDragStart(button, x, y, draginfo)
						return action(draginfo);
					end          
				</script>
				<rollable />
				<anchored to="strength_maxpress"/>
				<tooltip textres="char_tooltip_strength_opendoors" />
				<labelres>char_label_strength_opendoors</labelres>
			</string_abilityfield>

			<number_abilityfield_noplus_percentchecks name="strength_bendbars" source="abilities.strength.bendbars" merge="replace">
				<target>Bend Bars</target>
				<anchored to="strength_opendoors"/>
				<tooltip textres="char_tooltip_strength_bendbars" />
				<labelres>char_label_strength_bendbars</labelres>
			</number_abilityfield_noplus_percentchecks>
			<!--  -->

		</sheetdata>
	</windowclass>
</root>      
	