<?xml version="1.0" encoding="iso-8859-1"?>
<root version="3.0" release="35" logo="logo.png">
  <announcement text="OSRIC \r(c) Stuart Marshall" font="emotefont" icon="doomsword_icon" />
  <announcement text="OSRIC v2022.10.23.1 For Fantasy Grounds\r--by Doomsword" font="emotefont" icon="doomsword_icon" />

  <!-- Attributes -->

  <description>
    <displayname>OSRIC</displayname>
    <!-- <displayversion>OSRIC</displayversion> -->
    <text>OSRIC ruleset</text>
    <author>Doomsword, upon the shoulders of Celestian</author>
    <website>https://www.fantasygrounds.com</website>
  </description>

  <!-- Layers -->
  <importruleset source="2E" />

  <importinfo>
    <acceptfrom ruleset="1E" />
    <acceptfrom ruleset="AD&amp;D Core" />
    <acceptfrom ruleset="CoreRPG" />
  </importinfo>

  <includefile source="campaign/record_char_combat.xml" />
  <includefile source="campaign/record_char_main.xml" />
  <includefile source="campaign/record_class.xml" />
  <includefile source="campaign/record_npc.xml" />
  <includefile source="campaign/template_campaign.xml" />
  <includefile source="campaign/template_cta.xml" />
  <includefile source="campaign/template_npc.xml" />
  <includefile source="campaign/template_char_osric.xml" />
  <includefile source="cta/cta_host.xml" />
  <includefile source="graphics/graphics_frames_adnd.xml" />
  <includefile source="graphics/graphics_icons.xml" />

  <!-- High-level scripts -->
  <script name="DataCommonOsric" file="scripts/data_common_osric.lua" />
  <!-- <script name="Options5E" file="scripts/data_options_5e.lua" /> -->
  <script name="OptionsADND" file="scripts/data_options_adnd.lua" />
  <!-- <script name="DataOptionsOsric" file="scripts/data_options_osric.lua" /> -->
  <script name="ActionCheckManagerOsric" file="scripts/manager_action_check_osric.lua" />
  <script name="ActionDamageManagerOsric" file="scripts/manager_action_damage_osric.lua" />
  <script name="ActionInitManagerOsric" file="scripts/manager_action_init_osric.lua" />
  <script name="ActionSurpriseManagerOsric" file="scripts/manager_action_surprise_osric.lua" />
  <script name="ActorHealthManagerOsric" file="scripts/manager_actor_health_osric.lua" />
  <script name="CharEncumbranceManager" file="scripts/manager_char_encumbrance.lua" />
  <script name="CombatManagerOsric" file="scripts/manager_combat_osric.lua" />
  <script name="FightsSavesAsManager" file="scripts/manager_fights_saves_as.lua" />
  <script name="NpcClickChooser" file="campaign/scripts/npc_click_chooser.lua" />
  <!-- <script name="MenuManager" file="scripts/manager_menu_adnd.lua" /> -->

  <includefile source="strings/strings_osric.xml" />
</root>